Workbook

Sheet Blank  (3)
A3: Form No: Agg-0022
A4: Sand Patch - Texture Depths of Pavements
A5: Customer: | V5: Lab Sample No:
A6: Contract/Job No.: | V6: Purchase Order/Test Request #
A7: Project/Site Number: | V7: Date Sampled: | AB7: 16/010/2025
A8: Existing Pavement Surface | V8: Sampled By: | AB8: JOEL HUGO
A9: Existing Aggregate Size: | H9: 10 | V9: Selection of location Methods
A10: Proposed Aggregate Size | H10: 14 | V10: Test Methods: | AB10: Q705
A11: Equipment
A12: Sand Patch Mould ID: | Q12: Ruler:
A14: branch Rd. | H14: Existing Surface | N14: Location | V14: Sand Diameter @ 4 Measurements (to nearest 1 mm) | AD14: Avg Diameter (D) mm | AG14: Texture Depth (4V x 1000) / πD2
N15: Ch. | P15: Offset | R15: Derection | S15: Control Line | AL15: Texture | AM15: Allowance
H16: 10 | K16: mm | U16: =IF(P16=100,100,50) -> 50 | AD16: =IFERROR(AVERAGE(V16:AC16),"") | AG16: =IFERROR((4*U16*1000)/(PI()*AD16*AD16),"") | AK16: =IF(AG16="","",H16&" - "&(LEFT(H$10,2))&" - "&(ROUND(AG16,1))) | AL16: =AG16 | AM16: =INDEX([1]AllowanceAdjustments!H:H,MATCH('Blank (3)'!AK16,[1]AllowanceAdjustments!E:E,0)) -> #N/A
H17: =H16 -> 10 | K17: mm | U17: =IF(P17=100,100,50) -> 50 | AD17: =IFERROR(AVERAGE(V17:AC17),"") | AG17: =IFERROR((4*U17*1000)/(PI()*AD17*AD17),"") | AK17: =IF(AG17="","",H17&" - "&(LEFT(H$10,2))&" - "&(ROUND(AG17,1))) | AL17: =AG17 | AM17: =INDEX([1]AllowanceAdjustments!H:H,MATCH('Blank (3)'!AK17,[1]AllowanceAdjustments!E:E,0)) -> #N/A
H18: 10 | K18: mm | U18: =IF(P18=100,100,50) -> 50 | AD18: =IFERROR(AVERAGE(V18:AC18),"") | AG18: =IFERROR((4*U18*1000)/(PI()*AD18*AD18),"") | AK18: =IF(AG18="","",H18&" - "&(LEFT(H$10,2))&" - "&(ROUND(AG18,1))) | AL18: =AG18 | AM18: =INDEX([1]AllowanceAdjustments!H:H,MATCH('Blank (3)'!AK18,[1]AllowanceAdjustments!E:E,0)) -> #N/A
H19: 10 | K19: mm | U19: =IF(P19=100,100,50) -> 50 | AD19: =IFERROR(AVERAGE(V19:AC19),"") | AG19: =IFERROR((4*U19*1000)/(PI()*AD19*AD19),"") | AK19: =IF(AG19="","",H19&" - "&(LEFT(H$10,2))&" - "&(ROUND(AG19,1))) | AL19: =AG19 | AM19: =INDEX([1]AllowanceAdjustments!H:H,MATCH('Blank (3)'!AK19,[1]AllowanceAdjustments!E:E,0)) -> #N/A
H20: 10 | K20: mm | U20: =IF(P20=100,100,50) -> 50 | AD20: =IFERROR(AVERAGE(V20:AC20),"") | AG20: =IFERROR((4*U20*1000)/(PI()*AD20*AD20),"") | AK20: =IF(AG20="","",H20&" - "&(LEFT(H$10,2))&" - "&(ROUND(AG20,1))) | AL20: =AG20 | AM20: =INDEX([1]AllowanceAdjustments!H:H,MATCH('Blank (3)'!AK20,[1]AllowanceAdjustments!E:E,0)) -> #N/A
H21: 10 | K21: mm | U21: =IF(P21=100,100,50) -> 50 | AD21: =IFERROR(AVERAGE(V21:AC21),"") | AG21: =IFERROR((4*U21*1000)/(PI()*AD21*AD21),"") | AK21: =IF(AG21="","",H21&" - "&(LEFT(H$10,2))&" - "&(ROUND(AG21,1))) | AL21: =AG21 | AM21: =INDEX([1]AllowanceAdjustments!H:H,MATCH('Blank (3)'!AK21,[1]AllowanceAdjustments!E:E,0)) -> #N/A
H22: 10 | K22: mm | U22: =IF(P22=100,100,50) -> 50 | AD22: =IFERROR(AVERAGE(V22:AC22),"") | AG22: =IFERROR((4*U22*1000)/(PI()*AD22*AD22),"") | AK22: =IF(AG22="","",H22&" - "&(LEFT(H$10,2))&" - "&(ROUND(AG22,1))) | AL22: =AG22 | AM22: =INDEX([1]AllowanceAdjustments!H:H,MATCH('Blank (3)'!AK22,[1]AllowanceAdjustments!E:E,0)) -> #N/A
H23: 10 | K23: mm | U23: =IF(P23=100,100,50) -> 50 | AD23: =IFERROR(AVERAGE(V23:AC23),"") | AG23: =IFERROR((4*U23*1000)/(PI()*AD23*AD23),"") | AK23: =IF(AG23="","",H23&" - "&(LEFT(H$10,2))&" - "&(ROUND(AG23,1))) | AL23: =AG23 | AM23: =INDEX([1]AllowanceAdjustments!H:H,MATCH('Blank (3)'!AK23,[1]AllowanceAdjustments!E:E,0)) -> #N/A
H24: 10 | K24: mm | U24: =IF(P24=100,100,50) -> 50 | AD24: =IFERROR(AVERAGE(V24:AC24),"") | AG24: =IFERROR((4*U24*1000)/(PI()*AD24*AD24),"") | AK24: =IF(AG24="","",H24&" - "&(LEFT(H$10,2))&" - "&(ROUND(AG24,1))) | AL24: =AG24 | AM24: =INDEX([1]AllowanceAdjustments!H:H,MATCH('Blank (3)'!AK24,[1]AllowanceAdjustments!E:E,0)) -> #N/A
H25: 10 | K25: mm | U25: =IF(P25=100,100,50) -> 50 | AD25: =IFERROR(AVERAGE(V25:AC25),"") | AG25: =IFERROR((4*U25*1000)/(PI()*AD25*AD25),"") | AK25: =IF(AG25="","",H25&" - "&(LEFT(H$10,2))&" - "&(ROUND(AG25,1))) | AL25: =AG25 | AM25: =INDEX([1]AllowanceAdjustments!H:H,MATCH('Blank (3)'!AK25,[1]AllowanceAdjustments!E:E,0)) -> #N/A
H26: 10 | K26: mm | U26: =IF(P26=100,100,50) -> 50 | AD26: =IFERROR(AVERAGE(V26:AC26),"") | AG26: =IFERROR((4*U26*1000)/(PI()*AD26*AD26),"") | AK26: =IF(AG26="","",H26&" - "&(LEFT(H$10,2))&" - "&(ROUND(AG26,1))) | AL26: =AG26 | AM26: =INDEX([1]AllowanceAdjustments!H:H,MATCH('Blank (3)'!AK26,[1]AllowanceAdjustments!E:E,0)) -> #N/A
H27: 10 | K27: mm | U27: =IF(P27=100,100,50) -> 50 | AD27: =IFERROR(AVERAGE(V27:AC27),"") | AG27: =IFERROR((4*U27*1000)/(PI()*AD27*AD27),"") | AK27: =IF(AG27="","",H27&" - "&(LEFT(H$10,2))&" - "&(ROUND(AG27,1))) | AL27: =AG27 | AM27: =INDEX([1]AllowanceAdjustments!H:H,MATCH('Blank (3)'!AK27,[1]AllowanceAdjustments!E:E,0)) -> #N/A
H28: 10 | K28: mm | U28: =IF(P28=100,100,50) -> 50 | AD28: =IFERROR(AVERAGE(V28:AC28),"") | AG28: =IFERROR((4*U28*1000)/(PI()*AD28*AD28),"") | AK28: =IF(AG28="","",H28&" - "&(LEFT(H$10,2))&" - "&(ROUND(AG28,1))) | AL28: =AG28 | AM28: =INDEX([1]AllowanceAdjustments!H:H,MATCH('Blank (3)'!AK28,[1]AllowanceAdjustments!E:E,0)) -> #N/A
H29: 10 | K29: mm | U29: =IF(P29=100,100,50) -> 50 | AD29: =IFERROR(AVERAGE(V29:AC29),"") | AG29: =IFERROR((4*U29*1000)/(PI()*AD29*AD29),"") | AK29: =IF(AG29="","",H29&" - "&(LEFT(H$10,2))&" - "&(ROUND(AG29,1))) | AL29: =AG29 | AM29: =INDEX([1]AllowanceAdjustments!H:H,MATCH('Blank (3)'!AK29,[1]AllowanceAdjustments!E:E,0)) -> #N/A
... H33: 10 | K33: mm | U33: =IF(P33=100,100,50) -> 50 | AD33: =IFERROR(AVERAGE(V33:AC33),"") | AG33: =IFERROR((4*U33*1000)/(PI()*AD33*AD33),"") | AK33: =IF(AG33="","",H33&" - "&(LEFT(H$10,2))&" - "&(ROUND(AG33,1))) | AL33: =AG33 | AM33: =INDEX([1]AllowanceAdjustments!H:H,MATCH('Blank (3)'!AK33,[1]AllowanceAdjustments!E:E,0)) -> #N/A
A34: Notes / Comments

Sheet Sheet1
